{ "the pav" : "Pavillion 9, where you can get subway, chick fil a, and five guys, in the first floor of newcomb",
  "rugby road" : "The road where all of the frat houses are",
  "wertland" : "another street by the corner with many apartment complexes and frat houses",
  "beta bridge" : "bridget to the frats on rugby, over the railroad tracks. People paint it from time to time.",
  "boylan" : "popular bar on the corner",
  "trin" : "popular bar on the corner",
  "crozet" : "popular bar on the corner",
  "croads" : "small restaurant within o hill, including various meal options, open until late",
  "the corner" : "Central hub of U V A bar scene and partying life",
  "darden" : "Courtyard in the middle of thornton",
  "thornton" : "Main engineering building",
  "dumpling truck" : "dumpling truck that is at the ampitheater on weekdays",
  "nameless" : "A field for recreational use, located on northern grounds",
  "ORC" : "Outdoor rec center, located on northern grounds next to the Cavalier Inn",
  "the stud" : "Center for christian study",
  "stacks" : "Study spacec in the bottom of Alderman library, that is completely silent",
  "art quad" : "quad of frat houses by the art museum",
  "Sack" : "Student activities center",
  "wilsdorf" : "Building next to chem building with argo tea in it" }
