{"UVA hospital":"434-924-0211",
"UVA Health System":"434-924-2706",
"Claude Moore Health Sciences Library":"434-924-5444",
"Chemistry Department":"434-924-3344",
"Physics Department":"434-924-3781",
"Music Library":"434-924-7041",
"McIntire Department of Music":"434-924-3052",
"Physics Library":"434-924-6589",
"Yellow Cab":"434-295-4131",
"Safe Ride":"434-242-1122",
"Elson Student Health After Hours":"434-297-4261",
"Elson Student Health":"434-924-5362",
"Engineering Career Center":"434-982-2132",
"Brown/Clark Library":"434-924-7209",
"Clemons Library":"434-924-3684",
"Alderman Library":"434-924-3021",
"North Grounds Rec Center":"434-924-7380",
"Memorial Gym":"434-924-6204",
"Facilities Management":"434-924-1777",
"Housing and residence life":"434-924-3736",
"AFC":"434-924-3791",
"Slaughter":"434-982-5101",
"JPJ arena":"434-243-4960",
"West Range Cafe":"434-243-8961",
"Street Eats":"434-872-3995",
"Nau Hall Starbucks":"434-243-9054",
"Spanish House":"434-982-4772",
"Sidley Austin Cafe":"434-243-8921",
"Runk":"434-982-4771",
"Rising Roll":"434-297-6307",
"Poolside Cafe":"434-982-5119",
"The Pav":"434-924-6043",
"Papa John's":"434-296-7272 or 434-979-7272",
"O Hill dining hall":"434-982-5122",
"JPJ athletic dining":"434-924-3373",
"Newcomb / Fresh Food Co":"434-924-7833",
"Fine arts cafe":"434-924-6469",
"Bookstore Einsteins":"434-924-4282",
"The Crossroads":"434-982-5137",
"Clark Cafe":"434-243-1087",
"Argo Tea":"434-243-4005",
"Alderman Cafe":"434-924-7746",
"Einstein's Rice Hall":"434-924-4423",
"Dining Office":"434-982-5140",
"ID office":"434-924-4508",
"Office of African-American Affairs":"434-924-7923",
"Graduation Office":"434-982-3099",
"Undergrad Admissions Office":"434-982-3200",
"Alumni Association":"434-243-9000",
"School of Architecture":"434-924-3715",
"Main Info Number":"434-924-0311",
"HR":"434-982-0123",
"Arts & Sciences Office":"434-924-3351",
"School of Law":"434-924-7354",
"Athletics Office":"434-982-5000",
"Board of Visitors":"434-924-7081",
"McIntire School of Commerce":"434-924-7988",
"School of Medicine":"434-924-5118",
"Miller Center for Public Affairs":"434-924-7236",
"Community Relations Office":"434-924-1321",
"Nursing School":"434-924-2743",
"Parking and Transportation":"434-924-7231",
"Cooper Center for Public Service":"434-982-5522",
"President’s Office":"434-924-3337",
"Curry School of Education":"434-924-0742",
"Darden Graduate Business School":"434-924-3900",
"Diversity Office":"434-243-2079",
"E school":"434-924-3072",
"Student Financial Services":"434-982-6000",
"Dean of Students Office":"434-924-7133",
"Registrar":"434-924-4122",
"UVA Police Department":"434-924-7166",
"Career Center":"434-924-8900",
"Bookstore":"434-924-3721"}
