{
  "rice hall" : "Rice Hall Information Technology Engineering Building, Charlottesville, VA",
  "rice" : "Rice Hall Information Technology Engineering Building, Charlottesville, VA",
  "thornton" : "Thornton Hall, 351 McCormick Rd, Charlottesville, VA 22904",
  "thorton" : "Thornton Hall, 351 McCormick Rd, Charlottesville, VA 22904",
  "thornton hall" : "Thornton Hall, 351 McCormick Rd, Charlottesville, VA 22904",
  "thorton hall" : "Thornton Hall, 351 McCormick Rd, Charlottesville, VA 22904",
  "newcomb" : "Newcomb Hall, 180 McCormick Rd, Charlottesville, VA 22903",
  "newcomb dining hall" : "Newcomb Hall, 180 McCormick Rd, Charlottesville, VA 22903",
  "ohill" : "University of Virginia Observatory Hill Dining Room, 525 McCormick Rd, Charlottesville, VA 22904",
  "o'hill" : "University of Virginia Observatory Hill Dining Room, 525 McCormick Rd, Charlottesville, VA 22904",
  "runk" : "Runk Dining Hall, Charlottesville, VA 22903",
  "nau" : "Nau Hall, 1540 Jefferson Park Ave, Charlottesville, VA 22903",
  "nau hall" : "Nau Hall, 1540 Jefferson Park Ave, Charlottesville, VA 22903",
  "balz-dobie" : "", "balz dobie" : "", "balls dobie" : "",

  "cauthen" : "Cauthen House, 450 Tree House Dr, Charlottesville, VA 22903",
  "gibbons" : "Gibbons House, 425 Tree House Dr, Charlottesville, VA 22904",
  "kellog" : "Kellog House, 579 McCormick Rd, Charlottesville, VA 22903",
  "kellogg" : "Kellog House, 579 McCormick Rd, Charlottesville, VA 22903",
  "lile-maupin" : "Lile-Maupin House, Charlottesville, VA 22903",
  "lile maupin" : "Lile-Maupin House, Charlottesville, VA 22903",
  "shannon" : "Shannon House, Charlottesville, VA 22903",
  "tuttle-dunnington" : "Tuttle-Dunnington, Charlottesville, VA 22903",
  "tuttle dunnington" : "Tuttle-Dunnington, Charlottesville, VA 22903",
  "watson-webb" : "Watson-Webb House, 561 McCormick Rd, Charlottesville, VA 22903",
  "watson webb" : "Watson-Webb House, 561 McCormick Rd, Charlottesville, VA 22903",
  "watson webb" : "Watson-Webb House, 561 McCormick Rd, Charlottesville, VA 22903",
  "watson-web" : "Watson-Webb House, 561 McCormick Rd, Charlottesville, VA 22903",
  "watson web" : "Watson-Webb House, 561 McCormick Rd, Charlottesville, VA 22903",
  "woody" : "Woody House, Charlottesville, VA 22903",
  "courtenay" : "Courenay House, Charlottesville, VA 22903",
  "courteney" : "Courenay House, Charlottesville, VA 22903",
  "courtney" : "Courenay House, Charlottesville, VA 22903",
  "dunglison" : "Dunglison House, Charlottesville, VA 22903",
  "dungelson" : "Dunglison House, Charlottesville, VA 22903",
  "dungilson" : "Dunglison House, Charlottesville, VA 22903",
  "fitzhugh" : "Fitzhugh House, 735 Alderman Rd, Charlottesville, VA 22903",
  "gooch" : "Gooch-Dillard, Charlottesville, VA 22903",
  "dillard" : "Gooch-Dillard, Charlottesville, VA 22903",
  "gooch dillard" : "Gooch-Dillard, Charlottesville, VA 22903",
  "malone" : "Malone House, Charlottesville, VA 22903",
  "weedon" : "Weedon House, Charlottesville, Va 22903",
  "bonnycastle" : "Bonnycastle House, Charlottesville, VA 22903",
  "bonny castle" : "Bonnycastle House, Charlottesville, VA 22903",
  "dabney" : "McCormick Rd Residence Area, Charlottesville, VA 22903",
  "hancock" : "Hancock House, Charlottesville, VA 22903",
  "kent" : "Kent House, 2 Bonnycastle Dr, Charlottesville, VA 22904",
  "lefevre" : "McCormick Rd Residence Area, Charlottesville, VA 22903",
  "lefever" : "McCormick Rd Residence Area, Charlottesville, VA 22903",
  "metcalf" : "Metcalf House, Charlottesville, VA 22903",
  "metcalfe" : "Metcalf House, Charlottesville, VA 22903",
  "brown" : "Brown College at Monroe Hill, Charlottesville, VA 22903",
  "hereford" : "Hereford Residential College, Charlottesville, VA 22903",
  "International Residence College" : "Mary Munford, #1-100, Charlottesville, VA 22904",
  "IRC" : "Mary Munford, #1-100, Charlottesville, VA 22904"
}
