{
  "rice hall" : "Rice Hall Information Technology Engineering Building, Charlottesville, VA",
  "rice" : "Rice Hall Information Technology Engineering Building, Charlottesville, VA",
  "thornton" : "Thornton Hall, 351 McCormick Rd, Charlottesville, VA 22904",
  "thorton" : "Thornton Hall, 351 McCormick Rd, Charlottesville, VA 22904",
  "thornton hall" : "Thornton Hall, 351 McCormick Rd, Charlottesville, VA 22904",
  "thorton hall" : "Thornton Hall, 351 McCormick Rd, Charlottesville, VA 22904",
  "newcomb" : "Newcomb Hall, 180 McCormick Rd, Charlottesville, VA 22903",
  "newcomb dining hall" : "Newcomb Hall, 180 McCormick Rd, Charlottesville, VA 22903",
  "ohill" : "University of Virginia Observatory Hill Dining Room, 525 McCormick Rd, Charlottesville, VA 22904",
  "o'hill" : "University of Virginia Observatory Hill Dining Room, 525 McCormick Rd, Charlottesville, VA 22904",
  "runk" : "Runk Dining Hall, Charlottesville, VA 22903",
  "nau" : "Nau Hall, 1540 Jefferson Park Ave, Charlottesville, VA 22903",
  "nau hall" : "Nau Hall, 1540 Jefferson Park Ave, Charlottesville, VA 22903"
}
